-- AcademiaOS Veritabanı Kurulum Scripti
DROP TABLE IF EXISTS scores CASCADE;
DROP TABLE IF EXISTS assignments CASCADE;
DROP TABLE IF EXISTS enrollments CASCADE;
DROP TABLE IF EXISTS students CASCADE;
DROP TABLE IF EXISTS courses CASCADE;
CREATE TABLE courses (id uuid DEFAULT gen_random_uuid() PRIMARY KEY, code text NOT NULL, name text NOT NULL, semester text NOT NULL, created_at timestamptz DEFAULT now());
CREATE TABLE students (id uuid DEFAULT gen_random_uuid() PRIMARY KEY, student_no text UNIQUE NOT NULL, full_name text NOT NULL, email text, created_at timestamptz DEFAULT now());
CREATE TABLE enrollments (id uuid DEFAULT gen_random_uuid() PRIMARY KEY, course_id uuid REFERENCES courses(id) ON DELETE CASCADE NOT NULL, student_id uuid REFERENCES students(id) ON DELETE CASCADE NOT NULL, average_score numeric DEFAULT 0, letter_grade text DEFAULT '-', feedback text, UNIQUE(course_id, student_id));
CREATE TABLE assignments (id uuid DEFAULT gen_random_uuid() PRIMARY KEY, course_id uuid REFERENCES courses(id) ON DELETE CASCADE NOT NULL, name text NOT NULL, category text DEFAULT 'Homework', weight numeric DEFAULT 0, max_score numeric DEFAULT 100, created_at timestamptz DEFAULT now());
CREATE TABLE scores (id uuid DEFAULT gen_random_uuid() PRIMARY KEY, assignment_id uuid REFERENCES assignments(id) ON DELETE CASCADE NOT NULL, student_id uuid REFERENCES students(id) ON DELETE CASCADE NOT NULL, value numeric DEFAULT 0, UNIQUE(assignment_id, student_id));

-- VERİ AKTARIMI --
INSERT INTO courses (id, code, name, semester) VALUES ('4680ae8f-9bc5-40ae-8295-4381ac09d9fb', 'GIT119', 'Görsel İletişim Tasarımı I', '2025-GUZ');
INSERT INTO assignments (id, course_id, name, category) VALUES ('3a27e24a-bf03-41fb-b3ce-1e9dc71801ff', '4680ae8f-9bc5-40ae-8295-4381ac09d9fb', 'Ödev1: Illustrator ile Tasarım Çalışması', 'Homework');
INSERT INTO assignments (id, course_id, name, category) VALUES ('bf8186c5-0778-4e6b-b909-d7f7beeb536f', '4680ae8f-9bc5-40ae-8295-4381ac09d9fb', 'Ödev 2: Pen Tool', 'Homework');
INSERT INTO assignments (id, course_id, name, category) VALUES ('f5bba09f-0856-4d65-ba49-8d05f8c1b0e0', '4680ae8f-9bc5-40ae-8295-4381ac09d9fb', 'Ödev3: Illustrator ile Logo Yeniden Üretimi', 'Homework');
INSERT INTO assignments (id, course_id, name, category) VALUES ('d878f274-11b6-4212-856d-8f3cff41ee10', '4680ae8f-9bc5-40ae-8295-4381ac09d9fb', 'Ödev4: Tipografik Poster Tasarımı', 'Homework');
INSERT INTO assignments (id, course_id, name, category) VALUES ('51a653c0-ff1d-449d-b1b2-306daefc51d3', '4680ae8f-9bc5-40ae-8295-4381ac09d9fb', 'Ödev5: Foto Manipülasyon', 'Homework');
INSERT INTO assignments (id, course_id, name, category) VALUES ('63cef0f5-e0c7-4272-9b64-b9f84fe6863f', '4680ae8f-9bc5-40ae-8295-4381ac09d9fb', 'Ödev6: Otoportre', 'Homework');
INSERT INTO assignments (id, course_id, name, category) VALUES ('ae4955ba-1ce9-476f-8293-5613e4faa920', '4680ae8f-9bc5-40ae-8295-4381ac09d9fb', 'Ödev7: Fotoğraf Restorasyonu ve Sanatsal Yorum', 'Homework');
INSERT INTO assignments (id, course_id, name, category) VALUES ('0fe3958f-5bb4-4602-8175-6d5f43fd2436', '4680ae8f-9bc5-40ae-8295-4381ac09d9fb', 'Ödev 8: Yapay Zeka ile Marka Kimliği Tasarımı', 'Homework');
INSERT INTO assignments (id, course_id, name, category) VALUES ('e62c74a1-d600-438d-ab74-8be6ee961756', '4680ae8f-9bc5-40ae-8295-4381ac09d9fb', 'Final Projesi', 'Final');
INSERT INTO students (id, student_no, full_name, email) VALUES ('06c0d86e-263d-5129-a918-4487103b73a8', '244401035', 'AYŞE SUDE ALGAN', 'aalgan@etu.edu.tr') ON CONFLICT (student_no) DO NOTHING;
INSERT INTO enrollments (course_id, student_id) VALUES ('4680ae8f-9bc5-40ae-8295-4381ac09d9fb', '06c0d86e-263d-5129-a918-4487103b73a8') ON CONFLICT DO NOTHING;
INSERT INTO scores (assignment_id, student_id, value) VALUES ('3a27e24a-bf03-41fb-b3ce-1e9dc71801ff', '06c0d86e-263d-5129-a918-4487103b73a8', 100.0) ON CONFLICT DO NOTHING;
INSERT INTO scores (assignment_id, student_id, value) VALUES ('bf8186c5-0778-4e6b-b909-d7f7beeb536f', '06c0d86e-263d-5129-a918-4487103b73a8', 100.0) ON CONFLICT DO NOTHING;
INSERT INTO scores (assignment_id, student_id, value) VALUES ('f5bba09f-0856-4d65-ba49-8d05f8c1b0e0', '06c0d86e-263d-5129-a918-4487103b73a8', 100.0) ON CONFLICT DO NOTHING;
INSERT INTO scores (assignment_id, student_id, value) VALUES ('d878f274-11b6-4212-856d-8f3cff41ee10', '06c0d86e-263d-5129-a918-4487103b73a8', 100.0) ON CONFLICT DO NOTHING;
INSERT INTO scores (assignment_id, student_id, value) VALUES ('51a653c0-ff1d-449d-b1b2-306daefc51d3', '06c0d86e-263d-5129-a918-4487103b73a8', 100.0) ON CONFLICT DO NOTHING;
INSERT INTO scores (assignment_id, student_id, value) VALUES ('63cef0f5-e0c7-4272-9b64-b9f84fe6863f', '06c0d86e-263d-5129-a918-4487103b73a8', 100.0) ON CONFLICT DO NOTHING;
INSERT INTO scores (assignment_id, student_id, value) VALUES ('ae4955ba-1ce9-476f-8293-5613e4faa920', '06c0d86e-263d-5129-a918-4487103b73a8', 100.0) ON CONFLICT DO NOTHING;
INSERT INTO scores (assignment_id, student_id, value) VALUES ('0fe3958f-5bb4-4602-8175-6d5f43fd2436', '06c0d86e-263d-5129-a918-4487103b73a8', 100.0) ON CONFLICT DO NOTHING;
INSERT INTO scores (assignment_id, student_id, value) VALUES ('e62c74a1-d600-438d-ab74-8be6ee961756', '06c0d86e-263d-5129-a918-4487103b73a8', 0) ON CONFLICT DO NOTHING;
INSERT INTO students (id, student_no, full_name, email) VALUES ('f71d4b98-d0f2-5b9d-8862-5c5e55cf2eba', '244401016', 'ELİF SAHRA ALTUNDAL', 'ealtundal@etu.edu.tr') ON CONFLICT (student_no) DO NOTHING;
INSERT INTO enrollments (course_id, student_id) VALUES ('4680ae8f-9bc5-40ae-8295-4381ac09d9fb', 'f71d4b98-d0f2-5b9d-8862-5c5e55cf2eba') ON CONFLICT DO NOTHING;
INSERT INTO scores (assignment_id, student_id, value) VALUES ('3a27e24a-bf03-41fb-b3ce-1e9dc71801ff', 'f71d4b98-d0f2-5b9d-8862-5c5e55cf2eba', 85.0) ON CONFLICT DO NOTHING;
INSERT INTO scores (assignment_id, student_id, value) VALUES ('bf8186c5-0778-4e6b-b909-d7f7beeb536f', 'f71d4b98-d0f2-5b9d-8862-5c5e55cf2eba', 75.0) ON CONFLICT DO NOTHING;
INSERT INTO scores (assignment_id, student_id, value) VALUES ('f5bba09f-0856-4d65-ba49-8d05f8c1b0e0', 'f71d4b98-d0f2-5b9d-8862-5c5e55cf2eba', 100.0) ON CONFLICT DO NOTHING;
INSERT INTO scores (assignment_id, student_id, value) VALUES ('d878f274-11b6-4212-856d-8f3cff41ee10', 'f71d4b98-d0f2-5b9d-8862-5c5e55cf2eba', 100.0) ON CONFLICT DO NOTHING;
INSERT INTO scores (assignment_id, student_id, value) VALUES ('51a653c0-ff1d-449d-b1b2-306daefc51d3', 'f71d4b98-d0f2-5b9d-8862-5c5e55cf2eba', 92.0) ON CONFLICT DO NOTHING;
INSERT INTO scores (assignment_id, student_id, value) VALUES ('63cef0f5-e0c7-4272-9b64-b9f84fe6863f', 'f71d4b98-d0f2-5b9d-8862-5c5e55cf2eba', 95.0) ON CONFLICT DO NOTHING;
INSERT INTO scores (assignment_id, student_id, value) VALUES ('ae4955ba-1ce9-476f-8293-5613e4faa920', 'f71d4b98-d0f2-5b9d-8862-5c5e55cf2eba', 100.0) ON CONFLICT DO NOTHING;
INSERT INTO scores (assignment_id, student_id, value) VALUES ('0fe3958f-5bb4-4602-8175-6d5f43fd2436', 'f71d4b98-d0f2-5b9d-8862-5c5e55cf2eba', 100.0) ON CONFLICT DO NOTHING;
INSERT INTO scores (assignment_id, student_id, value) VALUES ('e62c74a1-d600-438d-ab74-8be6ee961756', 'f71d4b98-d0f2-5b9d-8862-5c5e55cf2eba', 0) ON CONFLICT DO NOTHING;
INSERT INTO students (id, student_no, full_name, email) VALUES ('b74e7e80-9f01-54cd-a235-d4c93de25c44', '254401021', 'EMRE ARSLAN', 'emre.arslan@etu.edu.tr') ON CONFLICT (student_no) DO NOTHING;
INSERT INTO enrollments (course_id, student_id) VALUES ('4680ae8f-9bc5-40ae-8295-4381ac09d9fb', 'b74e7e80-9f01-54cd-a235-d4c93de25c44') ON CONFLICT DO NOTHING;
INSERT INTO scores (assignment_id, student_id, value) VALUES ('3a27e24a-bf03-41fb-b3ce-1e9dc71801ff', 'b74e7e80-9f01-54cd-a235-d4c93de25c44', 85.0) ON CONFLICT DO NOTHING;
INSERT INTO scores (assignment_id, student_id, value) VALUES ('bf8186c5-0778-4e6b-b909-d7f7beeb536f', 'b74e7e80-9f01-54cd-a235-d4c93de25c44', 40.0) ON CONFLICT DO NOTHING;
INSERT INTO scores (assignment_id, student_id, value) VALUES ('f5bba09f-0856-4d65-ba49-8d05f8c1b0e0', 'b74e7e80-9f01-54cd-a235-d4c93de25c44', 100.0) ON CONFLICT DO NOTHING;
INSERT INTO scores (assignment_id, student_id, value) VALUES ('d878f274-11b6-4212-856d-8f3cff41ee10', 'b74e7e80-9f01-54cd-a235-d4c93de25c44', 65.0) ON CONFLICT DO NOTHING;
INSERT INTO scores (assignment_id, student_id, value) VALUES ('51a653c0-ff1d-449d-b1b2-306daefc51d3', 'b74e7e80-9f01-54cd-a235-d4c93de25c44', 85.0) ON CONFLICT DO NOTHING;
INSERT INTO scores (assignment_id, student_id, value) VALUES ('63cef0f5-e0c7-4272-9b64-b9f84fe6863f', 'b74e7e80-9f01-54cd-a235-d4c93de25c44', 85.0) ON CONFLICT DO NOTHING;
INSERT INTO scores (assignment_id, student_id, value) VALUES ('ae4955ba-1ce9-476f-8293-5613e4faa920', 'b74e7e80-9f01-54cd-a235-d4c93de25c44', 100.0) ON CONFLICT DO NOTHING;
INSERT INTO scores (assignment_id, student_id, value) VALUES ('0fe3958f-5bb4-4602-8175-6d5f43fd2436', 'b74e7e80-9f01-54cd-a235-d4c93de25c44', 0.0) ON CONFLICT DO NOTHING;
INSERT INTO scores (assignment_id, student_id, value) VALUES ('e62c74a1-d600-438d-ab74-8be6ee961756', 'b74e7e80-9f01-54cd-a235-d4c93de25c44', 0) ON CONFLICT DO NOTHING;
INSERT INTO students (id, student_no, full_name, email) VALUES ('fdd01b81-445a-5efa-9110-3b1b5f8f9b19', '244401015', 'SEZİN AYDOĞMUŞ', 's.aydogmus@etu.edu.tr') ON CONFLICT (student_no) DO NOTHING;
INSERT INTO enrollments (course_id, student_id) VALUES ('4680ae8f-9bc5-40ae-8295-4381ac09d9fb', 'fdd01b81-445a-5efa-9110-3b1b5f8f9b19') ON CONFLICT DO NOTHING;
INSERT INTO scores (assignment_id, student_id, value) VALUES ('3a27e24a-bf03-41fb-b3ce-1e9dc71801ff', 'fdd01b81-445a-5efa-9110-3b1b5f8f9b19', 100.0) ON CONFLICT DO NOTHING;
INSERT INTO scores (assignment_id, student_id, value) VALUES ('bf8186c5-0778-4e6b-b909-d7f7beeb536f', 'fdd01b81-445a-5efa-9110-3b1b5f8f9b19', 100.0) ON CONFLICT DO NOTHING;
INSERT INTO scores (assignment_id, student_id, value) VALUES ('f5bba09f-0856-4d65-ba49-8d05f8c1b0e0', 'fdd01b81-445a-5efa-9110-3b1b5f8f9b19', 100.0) ON CONFLICT DO NOTHING;
INSERT INTO scores (assignment_id, student_id, value) VALUES ('d878f274-11b6-4212-856d-8f3cff41ee10', 'fdd01b81-445a-5efa-9110-3b1b5f8f9b19', 100.0) ON CONFLICT DO NOTHING;
INSERT INTO scores (assignment_id, student_id, value) VALUES ('51a653c0-ff1d-449d-b1b2-306daefc51d3', 'fdd01b81-445a-5efa-9110-3b1b5f8f9b19', 90.0) ON CONFLICT DO NOTHING;
INSERT INTO scores (assignment_id, student_id, value) VALUES ('63cef0f5-e0c7-4272-9b64-b9f84fe6863f', 'fdd01b81-445a-5efa-9110-3b1b5f8f9b19', 100.0) ON CONFLICT DO NOTHING;
INSERT INTO scores (assignment_id, student_id, value) VALUES ('ae4955ba-1ce9-476f-8293-5613e4faa920', 'fdd01b81-445a-5efa-9110-3b1b5f8f9b19', 100.0) ON CONFLICT DO NOTHING;
INSERT INTO scores (assignment_id, student_id, value) VALUES ('0fe3958f-5bb4-4602-8175-6d5f43fd2436', 'fdd01b81-445a-5efa-9110-3b1b5f8f9b19', 85.0) ON CONFLICT DO NOTHING;
INSERT INTO scores (assignment_id, student_id, value) VALUES ('e62c74a1-d600-438d-ab74-8be6ee961756', 'fdd01b81-445a-5efa-9110-3b1b5f8f9b19', 0) ON CONFLICT DO NOTHING;
INSERT INTO students (id, student_no, full_name, email) VALUES ('6b9a343f-aacf-5adb-8c06-6e00bfa1289b', '254401031', 'SUDE GÜL BIYIK', 'sbiyik@etu.edu.tr') ON CONFLICT (student_no) DO NOTHING;
INSERT INTO enrollments (course_id, student_id) VALUES ('4680ae8f-9bc5-40ae-8295-4381ac09d9fb', '6b9a343f-aacf-5adb-8c06-6e00bfa1289b') ON CONFLICT DO NOTHING;
INSERT INTO scores (assignment_id, student_id, value) VALUES ('3a27e24a-bf03-41fb-b3ce-1e9dc71801ff', '6b9a343f-aacf-5adb-8c06-6e00bfa1289b', 85.0) ON CONFLICT DO NOTHING;
INSERT INTO scores (assignment_id, student_id, value) VALUES ('bf8186c5-0778-4e6b-b909-d7f7beeb536f', '6b9a343f-aacf-5adb-8c06-6e00bfa1289b', 100.0) ON CONFLICT DO NOTHING;
INSERT INTO scores (assignment_id, student_id, value) VALUES ('f5bba09f-0856-4d65-ba49-8d05f8c1b0e0', '6b9a343f-aacf-5adb-8c06-6e00bfa1289b', 100.0) ON CONFLICT DO NOTHING;
INSERT INTO scores (assignment_id, student_id, value) VALUES ('d878f274-11b6-4212-856d-8f3cff41ee10', '6b9a343f-aacf-5adb-8c06-6e00bfa1289b', 90.0) ON CONFLICT DO NOTHING;
INSERT INTO scores (assignment_id, student_id, value) VALUES ('51a653c0-ff1d-449d-b1b2-306daefc51d3', '6b9a343f-aacf-5adb-8c06-6e00bfa1289b', 85.0) ON CONFLICT DO NOTHING;
INSERT INTO scores (assignment_id, student_id, value) VALUES ('63cef0f5-e0c7-4272-9b64-b9f84fe6863f', '6b9a343f-aacf-5adb-8c06-6e00bfa1289b', 100.0) ON CONFLICT DO NOTHING;
INSERT INTO scores (assignment_id, student_id, value) VALUES ('ae4955ba-1ce9-476f-8293-5613e4faa920', '6b9a343f-aacf-5adb-8c06-6e00bfa1289b', 100.0) ON CONFLICT DO NOTHING;
INSERT INTO scores (assignment_id, student_id, value) VALUES ('0fe3958f-5bb4-4602-8175-6d5f43fd2436', '6b9a343f-aacf-5adb-8c06-6e00bfa1289b', 95.0) ON CONFLICT DO NOTHING;
INSERT INTO scores (assignment_id, student_id, value) VALUES ('e62c74a1-d600-438d-ab74-8be6ee961756', '6b9a343f-aacf-5adb-8c06-6e00bfa1289b', 0) ON CONFLICT DO NOTHING;
INSERT INTO students (id, student_no, full_name, email) VALUES ('0f0ed478-9a26-5675-8b22-f4b27a61abba', '254401014', 'ARDA BURAK BÜLBÜL', 'ardaburakbulbul@etu.edu.tr') ON CONFLICT (student_no) DO NOTHING;
INSERT INTO enrollments (course_id, student_id) VALUES ('4680ae8f-9bc5-40ae-8295-4381ac09d9fb', '0f0ed478-9a26-5675-8b22-f4b27a61abba') ON CONFLICT DO NOTHING;
INSERT INTO scores (assignment_id, student_id, value) VALUES ('3a27e24a-bf03-41fb-b3ce-1e9dc71801ff', '0f0ed478-9a26-5675-8b22-f4b27a61abba', 88.0) ON CONFLICT DO NOTHING;
INSERT INTO scores (assignment_id, student_id, value) VALUES ('bf8186c5-0778-4e6b-b909-d7f7beeb536f', '0f0ed478-9a26-5675-8b22-f4b27a61abba', 88.0) ON CONFLICT DO NOTHING;
INSERT INTO scores (assignment_id, student_id, value) VALUES ('f5bba09f-0856-4d65-ba49-8d05f8c1b0e0', '0f0ed478-9a26-5675-8b22-f4b27a61abba', 90.0) ON CONFLICT DO NOTHING;
INSERT INTO scores (assignment_id, student_id, value) VALUES ('d878f274-11b6-4212-856d-8f3cff41ee10', '0f0ed478-9a26-5675-8b22-f4b27a61abba', 75.0) ON CONFLICT DO NOTHING;
INSERT INTO scores (assignment_id, student_id, value) VALUES ('51a653c0-ff1d-449d-b1b2-306daefc51d3', '0f0ed478-9a26-5675-8b22-f4b27a61abba', 80.0) ON CONFLICT DO NOTHING;
INSERT INTO scores (assignment_id, student_id, value) VALUES ('63cef0f5-e0c7-4272-9b64-b9f84fe6863f', '0f0ed478-9a26-5675-8b22-f4b27a61abba', 82.0) ON CONFLICT DO NOTHING;
INSERT INTO scores (assignment_id, student_id, value) VALUES ('ae4955ba-1ce9-476f-8293-5613e4faa920', '0f0ed478-9a26-5675-8b22-f4b27a61abba', 100.0) ON CONFLICT DO NOTHING;
INSERT INTO scores (assignment_id, student_id, value) VALUES ('0fe3958f-5bb4-4602-8175-6d5f43fd2436', '0f0ed478-9a26-5675-8b22-f4b27a61abba', 92.0) ON CONFLICT DO NOTHING;
INSERT INTO scores (assignment_id, student_id, value) VALUES ('e62c74a1-d600-438d-ab74-8be6ee961756', '0f0ed478-9a26-5675-8b22-f4b27a61abba', 0) ON CONFLICT DO NOTHING;
INSERT INTO students (id, student_no, full_name, email) VALUES ('b06d49e1-71a2-526c-9d93-ed13cf948800', '244401004', 'ELİF CEREN BULUT', 'elifcerenbulut@etu.edu.tr') ON CONFLICT (student_no) DO NOTHING;
INSERT INTO enrollments (course_id, student_id) VALUES ('4680ae8f-9bc5-40ae-8295-4381ac09d9fb', 'b06d49e1-71a2-526c-9d93-ed13cf948800') ON CONFLICT DO NOTHING;
INSERT INTO scores (assignment_id, student_id, value) VALUES ('3a27e24a-bf03-41fb-b3ce-1e9dc71801ff', 'b06d49e1-71a2-526c-9d93-ed13cf948800', 100.0) ON CONFLICT DO NOTHING;
INSERT INTO scores (assignment_id, student_id, value) VALUES ('bf8186c5-0778-4e6b-b909-d7f7beeb536f', 'b06d49e1-71a2-526c-9d93-ed13cf948800', 100.0) ON CONFLICT DO NOTHING;
INSERT INTO scores (assignment_id, student_id, value) VALUES ('f5bba09f-0856-4d65-ba49-8d05f8c1b0e0', 'b06d49e1-71a2-526c-9d93-ed13cf948800', 100.0) ON CONFLICT DO NOTHING;
INSERT INTO scores (assignment_id, student_id, value) VALUES ('d878f274-11b6-4212-856d-8f3cff41ee10', 'b06d49e1-71a2-526c-9d93-ed13cf948800', 100.0) ON CONFLICT DO NOTHING;
INSERT INTO scores (assignment_id, student_id, value) VALUES ('51a653c0-ff1d-449d-b1b2-306daefc51d3', 'b06d49e1-71a2-526c-9d93-ed13cf948800', 100.0) ON CONFLICT DO NOTHING;
INSERT INTO scores (assignment_id, student_id, value) VALUES ('63cef0f5-e0c7-4272-9b64-b9f84fe6863f', 'b06d49e1-71a2-526c-9d93-ed13cf948800', 100.0) ON CONFLICT DO NOTHING;
INSERT INTO scores (assignment_id, student_id, value) VALUES ('ae4955ba-1ce9-476f-8293-5613e4faa920', 'b06d49e1-71a2-526c-9d93-ed13cf948800', 100.0) ON CONFLICT DO NOTHING;
INSERT INTO scores (assignment_id, student_id, value) VALUES ('0fe3958f-5bb4-4602-8175-6d5f43fd2436', 'b06d49e1-71a2-526c-9d93-ed13cf948800', 95.0) ON CONFLICT DO NOTHING;
INSERT INTO scores (assignment_id, student_id, value) VALUES ('e62c74a1-d600-438d-ab74-8be6ee961756', 'b06d49e1-71a2-526c-9d93-ed13cf948800', 0) ON CONFLICT DO NOTHING;
INSERT INTO students (id, student_no, full_name, email) VALUES ('b2039378-25ac-5edb-9fbe-31112cd7d9fb', '244401029', 'EGE CADUN', 'ecadun@etu.edu.tr') ON CONFLICT (student_no) DO NOTHING;
INSERT INTO enrollments (course_id, student_id) VALUES ('4680ae8f-9bc5-40ae-8295-4381ac09d9fb', 'b2039378-25ac-5edb-9fbe-31112cd7d9fb') ON CONFLICT DO NOTHING;
INSERT INTO scores (assignment_id, student_id, value) VALUES ('3a27e24a-bf03-41fb-b3ce-1e9dc71801ff', 'b2039378-25ac-5edb-9fbe-31112cd7d9fb', 60.0) ON CONFLICT DO NOTHING;
INSERT INTO scores (assignment_id, student_id, value) VALUES ('bf8186c5-0778-4e6b-b909-d7f7beeb536f', 'b2039378-25ac-5edb-9fbe-31112cd7d9fb', 75.0) ON CONFLICT DO NOTHING;
INSERT INTO scores (assignment_id, student_id, value) VALUES ('f5bba09f-0856-4d65-ba49-8d05f8c1b0e0', 'b2039378-25ac-5edb-9fbe-31112cd7d9fb', 0.0) ON CONFLICT DO NOTHING;
INSERT INTO scores (assignment_id, student_id, value) VALUES ('d878f274-11b6-4212-856d-8f3cff41ee10', 'b2039378-25ac-5edb-9fbe-31112cd7d9fb', 60.0) ON CONFLICT DO NOTHING;
INSERT INTO scores (assignment_id, student_id, value) VALUES ('51a653c0-ff1d-449d-b1b2-306daefc51d3', 'b2039378-25ac-5edb-9fbe-31112cd7d9fb', 75.0) ON CONFLICT DO NOTHING;
INSERT INTO scores (assignment_id, student_id, value) VALUES ('63cef0f5-e0c7-4272-9b64-b9f84fe6863f', 'b2039378-25ac-5edb-9fbe-31112cd7d9fb', 0) ON CONFLICT DO NOTHING;
INSERT INTO scores (assignment_id, student_id, value) VALUES ('ae4955ba-1ce9-476f-8293-5613e4faa920', 'b2039378-25ac-5edb-9fbe-31112cd7d9fb', 0) ON CONFLICT DO NOTHING;
INSERT INTO scores (assignment_id, student_id, value) VALUES ('0fe3958f-5bb4-4602-8175-6d5f43fd2436', 'b2039378-25ac-5edb-9fbe-31112cd7d9fb', 0) ON CONFLICT DO NOTHING;
INSERT INTO scores (assignment_id, student_id, value) VALUES ('e62c74a1-d600-438d-ab74-8be6ee961756', 'b2039378-25ac-5edb-9fbe-31112cd7d9fb', 0) ON CONFLICT DO NOTHING;
INSERT INTO students (id, student_no, full_name, email) VALUES ('f090e012-0582-5633-b34e-0fef78e0bf82', '254401011', 'DEFNE ÇIRACI', 'dciraci@etu.edu.tr') ON CONFLICT (student_no) DO NOTHING;
INSERT INTO enrollments (course_id, student_id) VALUES ('4680ae8f-9bc5-40ae-8295-4381ac09d9fb', 'f090e012-0582-5633-b34e-0fef78e0bf82') ON CONFLICT DO NOTHING;
INSERT INTO scores (assignment_id, student_id, value) VALUES ('3a27e24a-bf03-41fb-b3ce-1e9dc71801ff', 'f090e012-0582-5633-b34e-0fef78e0bf82', 90.0) ON CONFLICT DO NOTHING;
INSERT INTO scores (assignment_id, student_id, value) VALUES ('bf8186c5-0778-4e6b-b909-d7f7beeb536f', 'f090e012-0582-5633-b34e-0fef78e0bf82', 40.0) ON CONFLICT DO NOTHING;
INSERT INTO scores (assignment_id, student_id, value) VALUES ('f5bba09f-0856-4d65-ba49-8d05f8c1b0e0', 'f090e012-0582-5633-b34e-0fef78e0bf82', 75.0) ON CONFLICT DO NOTHING;
INSERT INTO scores (assignment_id, student_id, value) VALUES ('d878f274-11b6-4212-856d-8f3cff41ee10', 'f090e012-0582-5633-b34e-0fef78e0bf82', 65.0) ON CONFLICT DO NOTHING;
INSERT INTO scores (assignment_id, student_id, value) VALUES ('51a653c0-ff1d-449d-b1b2-306daefc51d3', 'f090e012-0582-5633-b34e-0fef78e0bf82', 0) ON CONFLICT DO NOTHING;
INSERT INTO scores (assignment_id, student_id, value) VALUES ('63cef0f5-e0c7-4272-9b64-b9f84fe6863f', 'f090e012-0582-5633-b34e-0fef78e0bf82', 85.0) ON CONFLICT DO NOTHING;
INSERT INTO scores (assignment_id, student_id, value) VALUES ('ae4955ba-1ce9-476f-8293-5613e4faa920', 'f090e012-0582-5633-b34e-0fef78e0bf82', 100.0) ON CONFLICT DO NOTHING;
INSERT INTO scores (assignment_id, student_id, value) VALUES ('0fe3958f-5bb4-4602-8175-6d5f43fd2436', 'f090e012-0582-5633-b34e-0fef78e0bf82', 60.0) ON CONFLICT DO NOTHING;
INSERT INTO scores (assignment_id, student_id, value) VALUES ('e62c74a1-d600-438d-ab74-8be6ee961756', 'f090e012-0582-5633-b34e-0fef78e0bf82', 0) ON CONFLICT DO NOTHING;
INSERT INTO students (id, student_no, full_name, email) VALUES ('2e806553-e9cb-5479-ae88-b4bcbc8406b1', '254401017', 'KEREM DAĞLAR', 'kdaglar@etu.edu.tr') ON CONFLICT (student_no) DO NOTHING;
INSERT INTO enrollments (course_id, student_id) VALUES ('4680ae8f-9bc5-40ae-8295-4381ac09d9fb', '2e806553-e9cb-5479-ae88-b4bcbc8406b1') ON CONFLICT DO NOTHING;
INSERT INTO scores (assignment_id, student_id, value) VALUES ('3a27e24a-bf03-41fb-b3ce-1e9dc71801ff', '2e806553-e9cb-5479-ae88-b4bcbc8406b1', 100.0) ON CONFLICT DO NOTHING;
INSERT INTO scores (assignment_id, student_id, value) VALUES ('bf8186c5-0778-4e6b-b909-d7f7beeb536f', '2e806553-e9cb-5479-ae88-b4bcbc8406b1', 100.0) ON CONFLICT DO NOTHING;
INSERT INTO scores (assignment_id, student_id, value) VALUES ('f5bba09f-0856-4d65-ba49-8d05f8c1b0e0', '2e806553-e9cb-5479-ae88-b4bcbc8406b1', 100.0) ON CONFLICT DO NOTHING;
INSERT INTO scores (assignment_id, student_id, value) VALUES ('d878f274-11b6-4212-856d-8f3cff41ee10', '2e806553-e9cb-5479-ae88-b4bcbc8406b1', 100.0) ON CONFLICT DO NOTHING;
INSERT INTO scores (assignment_id, student_id, value) VALUES ('51a653c0-ff1d-449d-b1b2-306daefc51d3', '2e806553-e9cb-5479-ae88-b4bcbc8406b1', 100.0) ON CONFLICT DO NOTHING;
INSERT INTO scores (assignment_id, student_id, value) VALUES ('63cef0f5-e0c7-4272-9b64-b9f84fe6863f', '2e806553-e9cb-5479-ae88-b4bcbc8406b1', 100.0) ON CONFLICT DO NOTHING;
INSERT INTO scores (assignment_id, student_id, value) VALUES ('ae4955ba-1ce9-476f-8293-5613e4faa920', '2e806553-e9cb-5479-ae88-b4bcbc8406b1', 100.0) ON CONFLICT DO NOTHING;
INSERT INTO scores (assignment_id, student_id, value) VALUES ('0fe3958f-5bb4-4602-8175-6d5f43fd2436', '2e806553-e9cb-5479-ae88-b4bcbc8406b1', 100.0) ON CONFLICT DO NOTHING;
INSERT INTO scores (assignment_id, student_id, value) VALUES ('e62c74a1-d600-438d-ab74-8be6ee961756', '2e806553-e9cb-5479-ae88-b4bcbc8406b1', 0) ON CONFLICT DO NOTHING;
INSERT INTO students (id, student_no, full_name, email) VALUES ('0f249363-1a8f-50c9-b148-441fb1fb5982', '244401040', 'KEREM DEMİRER', 'kdemirer@etu.edu.tr') ON CONFLICT (student_no) DO NOTHING;
INSERT INTO enrollments (course_id, student_id) VALUES ('4680ae8f-9bc5-40ae-8295-4381ac09d9fb', '0f249363-1a8f-50c9-b148-441fb1fb5982') ON CONFLICT DO NOTHING;
INSERT INTO scores (assignment_id, student_id, value) VALUES ('3a27e24a-bf03-41fb-b3ce-1e9dc71801ff', '0f249363-1a8f-50c9-b148-441fb1fb5982', 0.0) ON CONFLICT DO NOTHING;
INSERT INTO scores (assignment_id, student_id, value) VALUES ('bf8186c5-0778-4e6b-b909-d7f7beeb536f', '0f249363-1a8f-50c9-b148-441fb1fb5982', 50.0) ON CONFLICT DO NOTHING;
INSERT INTO scores (assignment_id, student_id, value) VALUES ('f5bba09f-0856-4d65-ba49-8d05f8c1b0e0', '0f249363-1a8f-50c9-b148-441fb1fb5982', 0.0) ON CONFLICT DO NOTHING;
INSERT INTO scores (assignment_id, student_id, value) VALUES ('d878f274-11b6-4212-856d-8f3cff41ee10', '0f249363-1a8f-50c9-b148-441fb1fb5982', 0) ON CONFLICT DO NOTHING;
INSERT INTO scores (assignment_id, student_id, value) VALUES ('51a653c0-ff1d-449d-b1b2-306daefc51d3', '0f249363-1a8f-50c9-b148-441fb1fb5982', 0) ON CONFLICT DO NOTHING;
INSERT INTO scores (assignment_id, student_id, value) VALUES ('63cef0f5-e0c7-4272-9b64-b9f84fe6863f', '0f249363-1a8f-50c9-b148-441fb1fb5982', 0) ON CONFLICT DO NOTHING;
INSERT INTO scores (assignment_id, student_id, value) VALUES ('ae4955ba-1ce9-476f-8293-5613e4faa920', '0f249363-1a8f-50c9-b148-441fb1fb5982', 0) ON CONFLICT DO NOTHING;
INSERT INTO scores (assignment_id, student_id, value) VALUES ('0fe3958f-5bb4-4602-8175-6d5f43fd2436', '0f249363-1a8f-50c9-b148-441fb1fb5982', 0) ON CONFLICT DO NOTHING;
INSERT INTO scores (assignment_id, student_id, value) VALUES ('e62c74a1-d600-438d-ab74-8be6ee961756', '0f249363-1a8f-50c9-b148-441fb1fb5982', 0) ON CONFLICT DO NOTHING;
INSERT INTO students (id, student_no, full_name, email) VALUES ('93e680d0-de8b-594d-b06a-7f6dcb378e2e', '254401020', 'CEYLİN DUMANLI', 'cdumanli@etu.edu.tr') ON CONFLICT (student_no) DO NOTHING;
INSERT INTO enrollments (course_id, student_id) VALUES ('4680ae8f-9bc5-40ae-8295-4381ac09d9fb', '93e680d0-de8b-594d-b06a-7f6dcb378e2e') ON CONFLICT DO NOTHING;
INSERT INTO scores (assignment_id, student_id, value) VALUES ('3a27e24a-bf03-41fb-b3ce-1e9dc71801ff', '93e680d0-de8b-594d-b06a-7f6dcb378e2e', 100.0) ON CONFLICT DO NOTHING;
INSERT INTO scores (assignment_id, student_id, value) VALUES ('bf8186c5-0778-4e6b-b909-d7f7beeb536f', '93e680d0-de8b-594d-b06a-7f6dcb378e2e', 100.0) ON CONFLICT DO NOTHING;
INSERT INTO scores (assignment_id, student_id, value) VALUES ('f5bba09f-0856-4d65-ba49-8d05f8c1b0e0', '93e680d0-de8b-594d-b06a-7f6dcb378e2e', 100.0) ON CONFLICT DO NOTHING;
INSERT INTO scores (assignment_id, student_id, value) VALUES ('d878f274-11b6-4212-856d-8f3cff41ee10', '93e680d0-de8b-594d-b06a-7f6dcb378e2e', 100.0) ON CONFLICT DO NOTHING;
INSERT INTO scores (assignment_id, student_id, value) VALUES ('51a653c0-ff1d-449d-b1b2-306daefc51d3', '93e680d0-de8b-594d-b06a-7f6dcb378e2e', 90.0) ON CONFLICT DO NOTHING;
INSERT INTO scores (assignment_id, student_id, value) VALUES ('63cef0f5-e0c7-4272-9b64-b9f84fe6863f', '93e680d0-de8b-594d-b06a-7f6dcb378e2e', 100.0) ON CONFLICT DO NOTHING;
INSERT INTO scores (assignment_id, student_id, value) VALUES ('ae4955ba-1ce9-476f-8293-5613e4faa920', '93e680d0-de8b-594d-b06a-7f6dcb378e2e', 100.0) ON CONFLICT DO NOTHING;
INSERT INTO scores (assignment_id, student_id, value) VALUES ('0fe3958f-5bb4-4602-8175-6d5f43fd2436', '93e680d0-de8b-594d-b06a-7f6dcb378e2e', 95.0) ON CONFLICT DO NOTHING;
INSERT INTO scores (assignment_id, student_id, value) VALUES ('e62c74a1-d600-438d-ab74-8be6ee961756', '93e680d0-de8b-594d-b06a-7f6dcb378e2e', 0) ON CONFLICT DO NOTHING;
INSERT INTO students (id, student_no, full_name, email) VALUES ('15075207-0fcb-58df-8151-bf07f6dcb6dd', '244401023', 'ÇAĞLA DENİZ GÖRE', 'cgore@etu.edu.tr') ON CONFLICT (student_no) DO NOTHING;
INSERT INTO enrollments (course_id, student_id) VALUES ('4680ae8f-9bc5-40ae-8295-4381ac09d9fb', '15075207-0fcb-58df-8151-bf07f6dcb6dd') ON CONFLICT DO NOTHING;
INSERT INTO scores (assignment_id, student_id, value) VALUES ('3a27e24a-bf03-41fb-b3ce-1e9dc71801ff', '15075207-0fcb-58df-8151-bf07f6dcb6dd', 70.0) ON CONFLICT DO NOTHING;
INSERT INTO scores (assignment_id, student_id, value) VALUES ('bf8186c5-0778-4e6b-b909-d7f7beeb536f', '15075207-0fcb-58df-8151-bf07f6dcb6dd', 65.0) ON CONFLICT DO NOTHING;
INSERT INTO scores (assignment_id, student_id, value) VALUES ('f5bba09f-0856-4d65-ba49-8d05f8c1b0e0', '15075207-0fcb-58df-8151-bf07f6dcb6dd', 85.0) ON CONFLICT DO NOTHING;
INSERT INTO scores (assignment_id, student_id, value) VALUES ('d878f274-11b6-4212-856d-8f3cff41ee10', '15075207-0fcb-58df-8151-bf07f6dcb6dd', 75.0) ON CONFLICT DO NOTHING;
INSERT INTO scores (assignment_id, student_id, value) VALUES ('51a653c0-ff1d-449d-b1b2-306daefc51d3', '15075207-0fcb-58df-8151-bf07f6dcb6dd', 80.0) ON CONFLICT DO NOTHING;
INSERT INTO scores (assignment_id, student_id, value) VALUES ('63cef0f5-e0c7-4272-9b64-b9f84fe6863f', '15075207-0fcb-58df-8151-bf07f6dcb6dd', 95.0) ON CONFLICT DO NOTHING;
INSERT INTO scores (assignment_id, student_id, value) VALUES ('ae4955ba-1ce9-476f-8293-5613e4faa920', '15075207-0fcb-58df-8151-bf07f6dcb6dd', 100.0) ON CONFLICT DO NOTHING;
INSERT INTO scores (assignment_id, student_id, value) VALUES ('0fe3958f-5bb4-4602-8175-6d5f43fd2436', '15075207-0fcb-58df-8151-bf07f6dcb6dd', 60.0) ON CONFLICT DO NOTHING;
INSERT INTO scores (assignment_id, student_id, value) VALUES ('e62c74a1-d600-438d-ab74-8be6ee961756', '15075207-0fcb-58df-8151-bf07f6dcb6dd', 0) ON CONFLICT DO NOTHING;
INSERT INTO students (id, student_no, full_name, email) VALUES ('ba91fded-3994-5c16-a342-87094b529df6', '244401011', 'BERRA NUR GÜYÜM', 'bguyum@etu.edu.tr') ON CONFLICT (student_no) DO NOTHING;
INSERT INTO enrollments (course_id, student_id) VALUES ('4680ae8f-9bc5-40ae-8295-4381ac09d9fb', 'ba91fded-3994-5c16-a342-87094b529df6') ON CONFLICT DO NOTHING;
INSERT INTO scores (assignment_id, student_id, value) VALUES ('3a27e24a-bf03-41fb-b3ce-1e9dc71801ff', 'ba91fded-3994-5c16-a342-87094b529df6', 100.0) ON CONFLICT DO NOTHING;
INSERT INTO scores (assignment_id, student_id, value) VALUES ('bf8186c5-0778-4e6b-b909-d7f7beeb536f', 'ba91fded-3994-5c16-a342-87094b529df6', 85.0) ON CONFLICT DO NOTHING;
INSERT INTO scores (assignment_id, student_id, value) VALUES ('f5bba09f-0856-4d65-ba49-8d05f8c1b0e0', 'ba91fded-3994-5c16-a342-87094b529df6', 100.0) ON CONFLICT DO NOTHING;
INSERT INTO scores (assignment_id, student_id, value) VALUES ('d878f274-11b6-4212-856d-8f3cff41ee10', 'ba91fded-3994-5c16-a342-87094b529df6', 100.0) ON CONFLICT DO NOTHING;
INSERT INTO scores (assignment_id, student_id, value) VALUES ('51a653c0-ff1d-449d-b1b2-306daefc51d3', 'ba91fded-3994-5c16-a342-87094b529df6', 85.0) ON CONFLICT DO NOTHING;
INSERT INTO scores (assignment_id, student_id, value) VALUES ('63cef0f5-e0c7-4272-9b64-b9f84fe6863f', 'ba91fded-3994-5c16-a342-87094b529df6', 100.0) ON CONFLICT DO NOTHING;
INSERT INTO scores (assignment_id, student_id, value) VALUES ('ae4955ba-1ce9-476f-8293-5613e4faa920', 'ba91fded-3994-5c16-a342-87094b529df6', 100.0) ON CONFLICT DO NOTHING;
INSERT INTO scores (assignment_id, student_id, value) VALUES ('0fe3958f-5bb4-4602-8175-6d5f43fd2436', 'ba91fded-3994-5c16-a342-87094b529df6', 95.0) ON CONFLICT DO NOTHING;
INSERT INTO scores (assignment_id, student_id, value) VALUES ('e62c74a1-d600-438d-ab74-8be6ee961756', 'ba91fded-3994-5c16-a342-87094b529df6', 0) ON CONFLICT DO NOTHING;
INSERT INTO students (id, student_no, full_name, email) VALUES ('6d188b9c-3242-5894-8d19-d974720b65f8', '234401019', 'YİĞİT KAPLAN', 'y.kaplan@etu.edu.tr') ON CONFLICT (student_no) DO NOTHING;
INSERT INTO enrollments (course_id, student_id) VALUES ('4680ae8f-9bc5-40ae-8295-4381ac09d9fb', '6d188b9c-3242-5894-8d19-d974720b65f8') ON CONFLICT DO NOTHING;
INSERT INTO scores (assignment_id, student_id, value) VALUES ('3a27e24a-bf03-41fb-b3ce-1e9dc71801ff', '6d188b9c-3242-5894-8d19-d974720b65f8', 0.0) ON CONFLICT DO NOTHING;
INSERT INTO scores (assignment_id, student_id, value) VALUES ('bf8186c5-0778-4e6b-b909-d7f7beeb536f', '6d188b9c-3242-5894-8d19-d974720b65f8', 0.0) ON CONFLICT DO NOTHING;
INSERT INTO scores (assignment_id, student_id, value) VALUES ('f5bba09f-0856-4d65-ba49-8d05f8c1b0e0', '6d188b9c-3242-5894-8d19-d974720b65f8', 75.0) ON CONFLICT DO NOTHING;
INSERT INTO scores (assignment_id, student_id, value) VALUES ('d878f274-11b6-4212-856d-8f3cff41ee10', '6d188b9c-3242-5894-8d19-d974720b65f8', 70.0) ON CONFLICT DO NOTHING;
INSERT INTO scores (assignment_id, student_id, value) VALUES ('51a653c0-ff1d-449d-b1b2-306daefc51d3', '6d188b9c-3242-5894-8d19-d974720b65f8', 85.0) ON CONFLICT DO NOTHING;
INSERT INTO scores (assignment_id, student_id, value) VALUES ('63cef0f5-e0c7-4272-9b64-b9f84fe6863f', '6d188b9c-3242-5894-8d19-d974720b65f8', 100.0) ON CONFLICT DO NOTHING;
INSERT INTO scores (assignment_id, student_id, value) VALUES ('ae4955ba-1ce9-476f-8293-5613e4faa920', '6d188b9c-3242-5894-8d19-d974720b65f8', 0.0) ON CONFLICT DO NOTHING;
INSERT INTO scores (assignment_id, student_id, value) VALUES ('0fe3958f-5bb4-4602-8175-6d5f43fd2436', '6d188b9c-3242-5894-8d19-d974720b65f8', 50.0) ON CONFLICT DO NOTHING;
INSERT INTO scores (assignment_id, student_id, value) VALUES ('e62c74a1-d600-438d-ab74-8be6ee961756', '6d188b9c-3242-5894-8d19-d974720b65f8', 0) ON CONFLICT DO NOTHING;
INSERT INTO students (id, student_no, full_name, email) VALUES ('dc4d7632-9a4d-5e99-9fa9-b624b1ac0788', '254401010', 'OKYANUS KARATAY', 'okaratay@etu.edu.tr') ON CONFLICT (student_no) DO NOTHING;
INSERT INTO enrollments (course_id, student_id) VALUES ('4680ae8f-9bc5-40ae-8295-4381ac09d9fb', 'dc4d7632-9a4d-5e99-9fa9-b624b1ac0788') ON CONFLICT DO NOTHING;
INSERT INTO scores (assignment_id, student_id, value) VALUES ('3a27e24a-bf03-41fb-b3ce-1e9dc71801ff', 'dc4d7632-9a4d-5e99-9fa9-b624b1ac0788', 85.0) ON CONFLICT DO NOTHING;
INSERT INTO scores (assignment_id, student_id, value) VALUES ('bf8186c5-0778-4e6b-b909-d7f7beeb536f', 'dc4d7632-9a4d-5e99-9fa9-b624b1ac0788', 50.0) ON CONFLICT DO NOTHING;
INSERT INTO scores (assignment_id, student_id, value) VALUES ('f5bba09f-0856-4d65-ba49-8d05f8c1b0e0', 'dc4d7632-9a4d-5e99-9fa9-b624b1ac0788', 90.0) ON CONFLICT DO NOTHING;
INSERT INTO scores (assignment_id, student_id, value) VALUES ('d878f274-11b6-4212-856d-8f3cff41ee10', 'dc4d7632-9a4d-5e99-9fa9-b624b1ac0788', 75.0) ON CONFLICT DO NOTHING;
INSERT INTO scores (assignment_id, student_id, value) VALUES ('51a653c0-ff1d-449d-b1b2-306daefc51d3', 'dc4d7632-9a4d-5e99-9fa9-b624b1ac0788', 80.0) ON CONFLICT DO NOTHING;
INSERT INTO scores (assignment_id, student_id, value) VALUES ('63cef0f5-e0c7-4272-9b64-b9f84fe6863f', 'dc4d7632-9a4d-5e99-9fa9-b624b1ac0788', 95.0) ON CONFLICT DO NOTHING;
INSERT INTO scores (assignment_id, student_id, value) VALUES ('ae4955ba-1ce9-476f-8293-5613e4faa920', 'dc4d7632-9a4d-5e99-9fa9-b624b1ac0788', 100.0) ON CONFLICT DO NOTHING;
INSERT INTO scores (assignment_id, student_id, value) VALUES ('0fe3958f-5bb4-4602-8175-6d5f43fd2436', 'dc4d7632-9a4d-5e99-9fa9-b624b1ac0788', 92.0) ON CONFLICT DO NOTHING;
INSERT INTO scores (assignment_id, student_id, value) VALUES ('e62c74a1-d600-438d-ab74-8be6ee961756', 'dc4d7632-9a4d-5e99-9fa9-b624b1ac0788', 0) ON CONFLICT DO NOTHING;
INSERT INTO students (id, student_no, full_name, email) VALUES ('3c6c9729-3033-50f5-9e41-c8ba3f9fb686', '244401008', 'EFE KIRIŞ', 'ekiris@etu.edu.tr') ON CONFLICT (student_no) DO NOTHING;
INSERT INTO enrollments (course_id, student_id) VALUES ('4680ae8f-9bc5-40ae-8295-4381ac09d9fb', '3c6c9729-3033-50f5-9e41-c8ba3f9fb686') ON CONFLICT DO NOTHING;
INSERT INTO scores (assignment_id, student_id, value) VALUES ('3a27e24a-bf03-41fb-b3ce-1e9dc71801ff', '3c6c9729-3033-50f5-9e41-c8ba3f9fb686', 100.0) ON CONFLICT DO NOTHING;
INSERT INTO scores (assignment_id, student_id, value) VALUES ('bf8186c5-0778-4e6b-b909-d7f7beeb536f', '3c6c9729-3033-50f5-9e41-c8ba3f9fb686', 100.0) ON CONFLICT DO NOTHING;
INSERT INTO scores (assignment_id, student_id, value) VALUES ('f5bba09f-0856-4d65-ba49-8d05f8c1b0e0', '3c6c9729-3033-50f5-9e41-c8ba3f9fb686', 100.0) ON CONFLICT DO NOTHING;
INSERT INTO scores (assignment_id, student_id, value) VALUES ('d878f274-11b6-4212-856d-8f3cff41ee10', '3c6c9729-3033-50f5-9e41-c8ba3f9fb686', 90.0) ON CONFLICT DO NOTHING;
INSERT INTO scores (assignment_id, student_id, value) VALUES ('51a653c0-ff1d-449d-b1b2-306daefc51d3', '3c6c9729-3033-50f5-9e41-c8ba3f9fb686', 88.0) ON CONFLICT DO NOTHING;
INSERT INTO scores (assignment_id, student_id, value) VALUES ('63cef0f5-e0c7-4272-9b64-b9f84fe6863f', '3c6c9729-3033-50f5-9e41-c8ba3f9fb686', 90.0) ON CONFLICT DO NOTHING;
INSERT INTO scores (assignment_id, student_id, value) VALUES ('ae4955ba-1ce9-476f-8293-5613e4faa920', '3c6c9729-3033-50f5-9e41-c8ba3f9fb686', 100.0) ON CONFLICT DO NOTHING;
INSERT INTO scores (assignment_id, student_id, value) VALUES ('0fe3958f-5bb4-4602-8175-6d5f43fd2436', '3c6c9729-3033-50f5-9e41-c8ba3f9fb686', 75.0) ON CONFLICT DO NOTHING;
INSERT INTO scores (assignment_id, student_id, value) VALUES ('e62c74a1-d600-438d-ab74-8be6ee961756', '3c6c9729-3033-50f5-9e41-c8ba3f9fb686', 0) ON CONFLICT DO NOTHING;
INSERT INTO students (id, student_no, full_name, email) VALUES ('f914561f-00da-5aca-9ab0-d8ca5b78a552', '244401010', 'NEZİHE EYLÜL KISACIK', 'nkisacik@etu.edu.tr') ON CONFLICT (student_no) DO NOTHING;
INSERT INTO enrollments (course_id, student_id) VALUES ('4680ae8f-9bc5-40ae-8295-4381ac09d9fb', 'f914561f-00da-5aca-9ab0-d8ca5b78a552') ON CONFLICT DO NOTHING;
INSERT INTO scores (assignment_id, student_id, value) VALUES ('3a27e24a-bf03-41fb-b3ce-1e9dc71801ff', 'f914561f-00da-5aca-9ab0-d8ca5b78a552', 85.0) ON CONFLICT DO NOTHING;
INSERT INTO scores (assignment_id, student_id, value) VALUES ('bf8186c5-0778-4e6b-b909-d7f7beeb536f', 'f914561f-00da-5aca-9ab0-d8ca5b78a552', 100.0) ON CONFLICT DO NOTHING;
INSERT INTO scores (assignment_id, student_id, value) VALUES ('f5bba09f-0856-4d65-ba49-8d05f8c1b0e0', 'f914561f-00da-5aca-9ab0-d8ca5b78a552', 100.0) ON CONFLICT DO NOTHING;
INSERT INTO scores (assignment_id, student_id, value) VALUES ('d878f274-11b6-4212-856d-8f3cff41ee10', 'f914561f-00da-5aca-9ab0-d8ca5b78a552', 88.0) ON CONFLICT DO NOTHING;
INSERT INTO scores (assignment_id, student_id, value) VALUES ('51a653c0-ff1d-449d-b1b2-306daefc51d3', 'f914561f-00da-5aca-9ab0-d8ca5b78a552', 100.0) ON CONFLICT DO NOTHING;
INSERT INTO scores (assignment_id, student_id, value) VALUES ('63cef0f5-e0c7-4272-9b64-b9f84fe6863f', 'f914561f-00da-5aca-9ab0-d8ca5b78a552', 93.0) ON CONFLICT DO NOTHING;
INSERT INTO scores (assignment_id, student_id, value) VALUES ('ae4955ba-1ce9-476f-8293-5613e4faa920', 'f914561f-00da-5aca-9ab0-d8ca5b78a552', 100.0) ON CONFLICT DO NOTHING;
INSERT INTO scores (assignment_id, student_id, value) VALUES ('0fe3958f-5bb4-4602-8175-6d5f43fd2436', 'f914561f-00da-5aca-9ab0-d8ca5b78a552', 90.0) ON CONFLICT DO NOTHING;
INSERT INTO scores (assignment_id, student_id, value) VALUES ('e62c74a1-d600-438d-ab74-8be6ee961756', 'f914561f-00da-5aca-9ab0-d8ca5b78a552', 0) ON CONFLICT DO NOTHING;
INSERT INTO students (id, student_no, full_name, email) VALUES ('e26765df-5950-56b6-b622-4b6d84d707e7', '244401003', 'YURDAGÜL KÖKSAL', 'yurdagulkoksal@etu.edu.tr') ON CONFLICT (student_no) DO NOTHING;
INSERT INTO enrollments (course_id, student_id) VALUES ('4680ae8f-9bc5-40ae-8295-4381ac09d9fb', 'e26765df-5950-56b6-b622-4b6d84d707e7') ON CONFLICT DO NOTHING;
INSERT INTO scores (assignment_id, student_id, value) VALUES ('3a27e24a-bf03-41fb-b3ce-1e9dc71801ff', 'e26765df-5950-56b6-b622-4b6d84d707e7', 100.0) ON CONFLICT DO NOTHING;
INSERT INTO scores (assignment_id, student_id, value) VALUES ('bf8186c5-0778-4e6b-b909-d7f7beeb536f', 'e26765df-5950-56b6-b622-4b6d84d707e7', 100.0) ON CONFLICT DO NOTHING;
INSERT INTO scores (assignment_id, student_id, value) VALUES ('f5bba09f-0856-4d65-ba49-8d05f8c1b0e0', 'e26765df-5950-56b6-b622-4b6d84d707e7', 100.0) ON CONFLICT DO NOTHING;
INSERT INTO scores (assignment_id, student_id, value) VALUES ('d878f274-11b6-4212-856d-8f3cff41ee10', 'e26765df-5950-56b6-b622-4b6d84d707e7', 100.0) ON CONFLICT DO NOTHING;
INSERT INTO scores (assignment_id, student_id, value) VALUES ('51a653c0-ff1d-449d-b1b2-306daefc51d3', 'e26765df-5950-56b6-b622-4b6d84d707e7', 100.0) ON CONFLICT DO NOTHING;
INSERT INTO scores (assignment_id, student_id, value) VALUES ('63cef0f5-e0c7-4272-9b64-b9f84fe6863f', 'e26765df-5950-56b6-b622-4b6d84d707e7', 100.0) ON CONFLICT DO NOTHING;
INSERT INTO scores (assignment_id, student_id, value) VALUES ('ae4955ba-1ce9-476f-8293-5613e4faa920', 'e26765df-5950-56b6-b622-4b6d84d707e7', 100.0) ON CONFLICT DO NOTHING;
INSERT INTO scores (assignment_id, student_id, value) VALUES ('0fe3958f-5bb4-4602-8175-6d5f43fd2436', 'e26765df-5950-56b6-b622-4b6d84d707e7', 89.0) ON CONFLICT DO NOTHING;
INSERT INTO scores (assignment_id, student_id, value) VALUES ('e62c74a1-d600-438d-ab74-8be6ee961756', 'e26765df-5950-56b6-b622-4b6d84d707e7', 0) ON CONFLICT DO NOTHING;
INSERT INTO students (id, student_no, full_name, email) VALUES ('a6868e2e-d8a5-5767-8d68-5d3459b9dcab', '254401005', 'YAĞIZ EFE SARISOY', 'ysarisoy@etu.edu.tr') ON CONFLICT (student_no) DO NOTHING;
INSERT INTO enrollments (course_id, student_id) VALUES ('4680ae8f-9bc5-40ae-8295-4381ac09d9fb', 'a6868e2e-d8a5-5767-8d68-5d3459b9dcab') ON CONFLICT DO NOTHING;
INSERT INTO scores (assignment_id, student_id, value) VALUES ('3a27e24a-bf03-41fb-b3ce-1e9dc71801ff', 'a6868e2e-d8a5-5767-8d68-5d3459b9dcab', 100.0) ON CONFLICT DO NOTHING;
INSERT INTO scores (assignment_id, student_id, value) VALUES ('bf8186c5-0778-4e6b-b909-d7f7beeb536f', 'a6868e2e-d8a5-5767-8d68-5d3459b9dcab', 100.0) ON CONFLICT DO NOTHING;
INSERT INTO scores (assignment_id, student_id, value) VALUES ('f5bba09f-0856-4d65-ba49-8d05f8c1b0e0', 'a6868e2e-d8a5-5767-8d68-5d3459b9dcab', 100.0) ON CONFLICT DO NOTHING;
INSERT INTO scores (assignment_id, student_id, value) VALUES ('d878f274-11b6-4212-856d-8f3cff41ee10', 'a6868e2e-d8a5-5767-8d68-5d3459b9dcab', 100.0) ON CONFLICT DO NOTHING;
INSERT INTO scores (assignment_id, student_id, value) VALUES ('51a653c0-ff1d-449d-b1b2-306daefc51d3', 'a6868e2e-d8a5-5767-8d68-5d3459b9dcab', 100.0) ON CONFLICT DO NOTHING;
INSERT INTO scores (assignment_id, student_id, value) VALUES ('63cef0f5-e0c7-4272-9b64-b9f84fe6863f', 'a6868e2e-d8a5-5767-8d68-5d3459b9dcab', 100.0) ON CONFLICT DO NOTHING;
INSERT INTO scores (assignment_id, student_id, value) VALUES ('ae4955ba-1ce9-476f-8293-5613e4faa920', 'a6868e2e-d8a5-5767-8d68-5d3459b9dcab', 100.0) ON CONFLICT DO NOTHING;
INSERT INTO scores (assignment_id, student_id, value) VALUES ('0fe3958f-5bb4-4602-8175-6d5f43fd2436', 'a6868e2e-d8a5-5767-8d68-5d3459b9dcab', 83.0) ON CONFLICT DO NOTHING;
INSERT INTO scores (assignment_id, student_id, value) VALUES ('e62c74a1-d600-438d-ab74-8be6ee961756', 'a6868e2e-d8a5-5767-8d68-5d3459b9dcab', 0) ON CONFLICT DO NOTHING;
INSERT INTO students (id, student_no, full_name, email) VALUES ('5543a30b-ff93-5aa9-baac-35d120c4ad93', '254401009', 'DİLARA TEKER', 'dteker@etu.edu.tr') ON CONFLICT (student_no) DO NOTHING;
INSERT INTO enrollments (course_id, student_id) VALUES ('4680ae8f-9bc5-40ae-8295-4381ac09d9fb', '5543a30b-ff93-5aa9-baac-35d120c4ad93') ON CONFLICT DO NOTHING;
INSERT INTO scores (assignment_id, student_id, value) VALUES ('3a27e24a-bf03-41fb-b3ce-1e9dc71801ff', '5543a30b-ff93-5aa9-baac-35d120c4ad93', 100.0) ON CONFLICT DO NOTHING;
INSERT INTO scores (assignment_id, student_id, value) VALUES ('bf8186c5-0778-4e6b-b909-d7f7beeb536f', '5543a30b-ff93-5aa9-baac-35d120c4ad93', 100.0) ON CONFLICT DO NOTHING;
INSERT INTO scores (assignment_id, student_id, value) VALUES ('f5bba09f-0856-4d65-ba49-8d05f8c1b0e0', '5543a30b-ff93-5aa9-baac-35d120c4ad93', 100.0) ON CONFLICT DO NOTHING;
INSERT INTO scores (assignment_id, student_id, value) VALUES ('d878f274-11b6-4212-856d-8f3cff41ee10', '5543a30b-ff93-5aa9-baac-35d120c4ad93', 100.0) ON CONFLICT DO NOTHING;
INSERT INTO scores (assignment_id, student_id, value) VALUES ('51a653c0-ff1d-449d-b1b2-306daefc51d3', '5543a30b-ff93-5aa9-baac-35d120c4ad93', 95.0) ON CONFLICT DO NOTHING;
INSERT INTO scores (assignment_id, student_id, value) VALUES ('63cef0f5-e0c7-4272-9b64-b9f84fe6863f', '5543a30b-ff93-5aa9-baac-35d120c4ad93', 90.0) ON CONFLICT DO NOTHING;
INSERT INTO scores (assignment_id, student_id, value) VALUES ('ae4955ba-1ce9-476f-8293-5613e4faa920', '5543a30b-ff93-5aa9-baac-35d120c4ad93', 100.0) ON CONFLICT DO NOTHING;
INSERT INTO scores (assignment_id, student_id, value) VALUES ('0fe3958f-5bb4-4602-8175-6d5f43fd2436', '5543a30b-ff93-5aa9-baac-35d120c4ad93', 100.0) ON CONFLICT DO NOTHING;
INSERT INTO scores (assignment_id, student_id, value) VALUES ('e62c74a1-d600-438d-ab74-8be6ee961756', '5543a30b-ff93-5aa9-baac-35d120c4ad93', 0) ON CONFLICT DO NOTHING;
INSERT INTO students (id, student_no, full_name, email) VALUES ('a3eb3f56-39b2-5358-8568-52708acf2555', '254401004', 'KEREM BİLAL TOPALOĞLU', 'ktopaloglu@etu.edu.tr') ON CONFLICT (student_no) DO NOTHING;
INSERT INTO enrollments (course_id, student_id) VALUES ('4680ae8f-9bc5-40ae-8295-4381ac09d9fb', 'a3eb3f56-39b2-5358-8568-52708acf2555') ON CONFLICT DO NOTHING;
INSERT INTO scores (assignment_id, student_id, value) VALUES ('3a27e24a-bf03-41fb-b3ce-1e9dc71801ff', 'a3eb3f56-39b2-5358-8568-52708acf2555', 70.0) ON CONFLICT DO NOTHING;
INSERT INTO scores (assignment_id, student_id, value) VALUES ('bf8186c5-0778-4e6b-b909-d7f7beeb536f', 'a3eb3f56-39b2-5358-8568-52708acf2555', 82.0) ON CONFLICT DO NOTHING;
INSERT INTO scores (assignment_id, student_id, value) VALUES ('f5bba09f-0856-4d65-ba49-8d05f8c1b0e0', 'a3eb3f56-39b2-5358-8568-52708acf2555', 100.0) ON CONFLICT DO NOTHING;
INSERT INTO scores (assignment_id, student_id, value) VALUES ('d878f274-11b6-4212-856d-8f3cff41ee10', 'a3eb3f56-39b2-5358-8568-52708acf2555', 90.0) ON CONFLICT DO NOTHING;
INSERT INTO scores (assignment_id, student_id, value) VALUES ('51a653c0-ff1d-449d-b1b2-306daefc51d3', 'a3eb3f56-39b2-5358-8568-52708acf2555', 80.0) ON CONFLICT DO NOTHING;
INSERT INTO scores (assignment_id, student_id, value) VALUES ('63cef0f5-e0c7-4272-9b64-b9f84fe6863f', 'a3eb3f56-39b2-5358-8568-52708acf2555', 100.0) ON CONFLICT DO NOTHING;
INSERT INTO scores (assignment_id, student_id, value) VALUES ('ae4955ba-1ce9-476f-8293-5613e4faa920', 'a3eb3f56-39b2-5358-8568-52708acf2555', 100.0) ON CONFLICT DO NOTHING;
INSERT INTO scores (assignment_id, student_id, value) VALUES ('0fe3958f-5bb4-4602-8175-6d5f43fd2436', 'a3eb3f56-39b2-5358-8568-52708acf2555', 87.0) ON CONFLICT DO NOTHING;
INSERT INTO scores (assignment_id, student_id, value) VALUES ('e62c74a1-d600-438d-ab74-8be6ee961756', 'a3eb3f56-39b2-5358-8568-52708acf2555', 0) ON CONFLICT DO NOTHING;
INSERT INTO students (id, student_no, full_name, email) VALUES ('7a06c2a3-5fd8-5950-a5b9-3f0739d891b9', '244404049', 'MELİKE TUĞLU', 'm.tuglu@etu.edu.tr') ON CONFLICT (student_no) DO NOTHING;
INSERT INTO enrollments (course_id, student_id) VALUES ('4680ae8f-9bc5-40ae-8295-4381ac09d9fb', '7a06c2a3-5fd8-5950-a5b9-3f0739d891b9') ON CONFLICT DO NOTHING;
INSERT INTO scores (assignment_id, student_id, value) VALUES ('3a27e24a-bf03-41fb-b3ce-1e9dc71801ff', '7a06c2a3-5fd8-5950-a5b9-3f0739d891b9', 100.0) ON CONFLICT DO NOTHING;
INSERT INTO scores (assignment_id, student_id, value) VALUES ('bf8186c5-0778-4e6b-b909-d7f7beeb536f', '7a06c2a3-5fd8-5950-a5b9-3f0739d891b9', 100.0) ON CONFLICT DO NOTHING;
INSERT INTO scores (assignment_id, student_id, value) VALUES ('f5bba09f-0856-4d65-ba49-8d05f8c1b0e0', '7a06c2a3-5fd8-5950-a5b9-3f0739d891b9', 100.0) ON CONFLICT DO NOTHING;
INSERT INTO scores (assignment_id, student_id, value) VALUES ('d878f274-11b6-4212-856d-8f3cff41ee10', '7a06c2a3-5fd8-5950-a5b9-3f0739d891b9', 95.0) ON CONFLICT DO NOTHING;
INSERT INTO scores (assignment_id, student_id, value) VALUES ('51a653c0-ff1d-449d-b1b2-306daefc51d3', '7a06c2a3-5fd8-5950-a5b9-3f0739d891b9', 85.0) ON CONFLICT DO NOTHING;
INSERT INTO scores (assignment_id, student_id, value) VALUES ('63cef0f5-e0c7-4272-9b64-b9f84fe6863f', '7a06c2a3-5fd8-5950-a5b9-3f0739d891b9', 95.0) ON CONFLICT DO NOTHING;
INSERT INTO scores (assignment_id, student_id, value) VALUES ('ae4955ba-1ce9-476f-8293-5613e4faa920', '7a06c2a3-5fd8-5950-a5b9-3f0739d891b9', 100.0) ON CONFLICT DO NOTHING;
INSERT INTO scores (assignment_id, student_id, value) VALUES ('0fe3958f-5bb4-4602-8175-6d5f43fd2436', '7a06c2a3-5fd8-5950-a5b9-3f0739d891b9', 93.0) ON CONFLICT DO NOTHING;
INSERT INTO scores (assignment_id, student_id, value) VALUES ('e62c74a1-d600-438d-ab74-8be6ee961756', '7a06c2a3-5fd8-5950-a5b9-3f0739d891b9', 0) ON CONFLICT DO NOTHING;
INSERT INTO students (id, student_no, full_name, email) VALUES ('133846ab-83c1-5c0b-9fa4-19ffc29ee45c', '244401009', 'SUDE ULUCAN', 'sulucan@etu.edu.tr') ON CONFLICT (student_no) DO NOTHING;
INSERT INTO enrollments (course_id, student_id) VALUES ('4680ae8f-9bc5-40ae-8295-4381ac09d9fb', '133846ab-83c1-5c0b-9fa4-19ffc29ee45c') ON CONFLICT DO NOTHING;
INSERT INTO scores (assignment_id, student_id, value) VALUES ('3a27e24a-bf03-41fb-b3ce-1e9dc71801ff', '133846ab-83c1-5c0b-9fa4-19ffc29ee45c', 100.0) ON CONFLICT DO NOTHING;
INSERT INTO scores (assignment_id, student_id, value) VALUES ('bf8186c5-0778-4e6b-b909-d7f7beeb536f', '133846ab-83c1-5c0b-9fa4-19ffc29ee45c', 83.0) ON CONFLICT DO NOTHING;
INSERT INTO scores (assignment_id, student_id, value) VALUES ('f5bba09f-0856-4d65-ba49-8d05f8c1b0e0', '133846ab-83c1-5c0b-9fa4-19ffc29ee45c', 100.0) ON CONFLICT DO NOTHING;
INSERT INTO scores (assignment_id, student_id, value) VALUES ('d878f274-11b6-4212-856d-8f3cff41ee10', '133846ab-83c1-5c0b-9fa4-19ffc29ee45c', 90.0) ON CONFLICT DO NOTHING;
INSERT INTO scores (assignment_id, student_id, value) VALUES ('51a653c0-ff1d-449d-b1b2-306daefc51d3', '133846ab-83c1-5c0b-9fa4-19ffc29ee45c', 100.0) ON CONFLICT DO NOTHING;
INSERT INTO scores (assignment_id, student_id, value) VALUES ('63cef0f5-e0c7-4272-9b64-b9f84fe6863f', '133846ab-83c1-5c0b-9fa4-19ffc29ee45c', 94.0) ON CONFLICT DO NOTHING;
INSERT INTO scores (assignment_id, student_id, value) VALUES ('ae4955ba-1ce9-476f-8293-5613e4faa920', '133846ab-83c1-5c0b-9fa4-19ffc29ee45c', 100.0) ON CONFLICT DO NOTHING;
INSERT INTO scores (assignment_id, student_id, value) VALUES ('0fe3958f-5bb4-4602-8175-6d5f43fd2436', '133846ab-83c1-5c0b-9fa4-19ffc29ee45c', 95.0) ON CONFLICT DO NOTHING;
INSERT INTO scores (assignment_id, student_id, value) VALUES ('e62c74a1-d600-438d-ab74-8be6ee961756', '133846ab-83c1-5c0b-9fa4-19ffc29ee45c', 0) ON CONFLICT DO NOTHING;
INSERT INTO students (id, student_no, full_name, email) VALUES ('e6a8cd2a-d625-52e3-a639-abc7cc5cefd5', '254401027', 'FEYZA MERYEM ÜNAL', 'feyzameryemunal@etu.edu.tr') ON CONFLICT (student_no) DO NOTHING;
INSERT INTO enrollments (course_id, student_id) VALUES ('4680ae8f-9bc5-40ae-8295-4381ac09d9fb', 'e6a8cd2a-d625-52e3-a639-abc7cc5cefd5') ON CONFLICT DO NOTHING;
INSERT INTO scores (assignment_id, student_id, value) VALUES ('3a27e24a-bf03-41fb-b3ce-1e9dc71801ff', 'e6a8cd2a-d625-52e3-a639-abc7cc5cefd5', 100.0) ON CONFLICT DO NOTHING;
INSERT INTO scores (assignment_id, student_id, value) VALUES ('bf8186c5-0778-4e6b-b909-d7f7beeb536f', 'e6a8cd2a-d625-52e3-a639-abc7cc5cefd5', 100.0) ON CONFLICT DO NOTHING;
INSERT INTO scores (assignment_id, student_id, value) VALUES ('f5bba09f-0856-4d65-ba49-8d05f8c1b0e0', 'e6a8cd2a-d625-52e3-a639-abc7cc5cefd5', 100.0) ON CONFLICT DO NOTHING;
INSERT INTO scores (assignment_id, student_id, value) VALUES ('d878f274-11b6-4212-856d-8f3cff41ee10', 'e6a8cd2a-d625-52e3-a639-abc7cc5cefd5', 90.0) ON CONFLICT DO NOTHING;
INSERT INTO scores (assignment_id, student_id, value) VALUES ('51a653c0-ff1d-449d-b1b2-306daefc51d3', 'e6a8cd2a-d625-52e3-a639-abc7cc5cefd5', 100.0) ON CONFLICT DO NOTHING;
INSERT INTO scores (assignment_id, student_id, value) VALUES ('63cef0f5-e0c7-4272-9b64-b9f84fe6863f', 'e6a8cd2a-d625-52e3-a639-abc7cc5cefd5', 87.0) ON CONFLICT DO NOTHING;
INSERT INTO scores (assignment_id, student_id, value) VALUES ('ae4955ba-1ce9-476f-8293-5613e4faa920', 'e6a8cd2a-d625-52e3-a639-abc7cc5cefd5', 100.0) ON CONFLICT DO NOTHING;
INSERT INTO scores (assignment_id, student_id, value) VALUES ('0fe3958f-5bb4-4602-8175-6d5f43fd2436', 'e6a8cd2a-d625-52e3-a639-abc7cc5cefd5', 97.0) ON CONFLICT DO NOTHING;
INSERT INTO scores (assignment_id, student_id, value) VALUES ('e62c74a1-d600-438d-ab74-8be6ee961756', 'e6a8cd2a-d625-52e3-a639-abc7cc5cefd5', 0) ON CONFLICT DO NOTHING;
INSERT INTO students (id, student_no, full_name, email) VALUES ('3956a17c-8216-5a65-95e0-80ed4e87d3e8', '244401031', 'HALUK CAN YARDIMCI', 'h.yardimci@etu.edu.tr') ON CONFLICT (student_no) DO NOTHING;
INSERT INTO enrollments (course_id, student_id) VALUES ('4680ae8f-9bc5-40ae-8295-4381ac09d9fb', '3956a17c-8216-5a65-95e0-80ed4e87d3e8') ON CONFLICT DO NOTHING;
INSERT INTO scores (assignment_id, student_id, value) VALUES ('3a27e24a-bf03-41fb-b3ce-1e9dc71801ff', '3956a17c-8216-5a65-95e0-80ed4e87d3e8', 90.0) ON CONFLICT DO NOTHING;
INSERT INTO scores (assignment_id, student_id, value) VALUES ('bf8186c5-0778-4e6b-b909-d7f7beeb536f', '3956a17c-8216-5a65-95e0-80ed4e87d3e8', 75.0) ON CONFLICT DO NOTHING;
INSERT INTO scores (assignment_id, student_id, value) VALUES ('f5bba09f-0856-4d65-ba49-8d05f8c1b0e0', '3956a17c-8216-5a65-95e0-80ed4e87d3e8', 75.0) ON CONFLICT DO NOTHING;
INSERT INTO scores (assignment_id, student_id, value) VALUES ('d878f274-11b6-4212-856d-8f3cff41ee10', '3956a17c-8216-5a65-95e0-80ed4e87d3e8', 100.0) ON CONFLICT DO NOTHING;
INSERT INTO scores (assignment_id, student_id, value) VALUES ('51a653c0-ff1d-449d-b1b2-306daefc51d3', '3956a17c-8216-5a65-95e0-80ed4e87d3e8', 80.0) ON CONFLICT DO NOTHING;
INSERT INTO scores (assignment_id, student_id, value) VALUES ('63cef0f5-e0c7-4272-9b64-b9f84fe6863f', '3956a17c-8216-5a65-95e0-80ed4e87d3e8', 75.0) ON CONFLICT DO NOTHING;
INSERT INTO scores (assignment_id, student_id, value) VALUES ('ae4955ba-1ce9-476f-8293-5613e4faa920', '3956a17c-8216-5a65-95e0-80ed4e87d3e8', 100.0) ON CONFLICT DO NOTHING;
INSERT INTO scores (assignment_id, student_id, value) VALUES ('0fe3958f-5bb4-4602-8175-6d5f43fd2436', '3956a17c-8216-5a65-95e0-80ed4e87d3e8', 100.0) ON CONFLICT DO NOTHING;
INSERT INTO scores (assignment_id, student_id, value) VALUES ('e62c74a1-d600-438d-ab74-8be6ee961756', '3956a17c-8216-5a65-95e0-80ed4e87d3e8', 0) ON CONFLICT DO NOTHING;
INSERT INTO students (id, student_no, full_name, email) VALUES ('a7a0aabe-51a1-528b-b453-883e1f199c2a', '254401023', 'EDA YILDIRIM', 'edayildirim@etu.edu.tr') ON CONFLICT (student_no) DO NOTHING;
INSERT INTO enrollments (course_id, student_id) VALUES ('4680ae8f-9bc5-40ae-8295-4381ac09d9fb', 'a7a0aabe-51a1-528b-b453-883e1f199c2a') ON CONFLICT DO NOTHING;
INSERT INTO scores (assignment_id, student_id, value) VALUES ('3a27e24a-bf03-41fb-b3ce-1e9dc71801ff', 'a7a0aabe-51a1-528b-b453-883e1f199c2a', 100.0) ON CONFLICT DO NOTHING;
INSERT INTO scores (assignment_id, student_id, value) VALUES ('bf8186c5-0778-4e6b-b909-d7f7beeb536f', 'a7a0aabe-51a1-528b-b453-883e1f199c2a', 100.0) ON CONFLICT DO NOTHING;
INSERT INTO scores (assignment_id, student_id, value) VALUES ('f5bba09f-0856-4d65-ba49-8d05f8c1b0e0', 'a7a0aabe-51a1-528b-b453-883e1f199c2a', 100.0) ON CONFLICT DO NOTHING;
INSERT INTO scores (assignment_id, student_id, value) VALUES ('d878f274-11b6-4212-856d-8f3cff41ee10', 'a7a0aabe-51a1-528b-b453-883e1f199c2a', 100.0) ON CONFLICT DO NOTHING;
INSERT INTO scores (assignment_id, student_id, value) VALUES ('51a653c0-ff1d-449d-b1b2-306daefc51d3', 'a7a0aabe-51a1-528b-b453-883e1f199c2a', 90.0) ON CONFLICT DO NOTHING;
INSERT INTO scores (assignment_id, student_id, value) VALUES ('63cef0f5-e0c7-4272-9b64-b9f84fe6863f', 'a7a0aabe-51a1-528b-b453-883e1f199c2a', 100.0) ON CONFLICT DO NOTHING;
INSERT INTO scores (assignment_id, student_id, value) VALUES ('ae4955ba-1ce9-476f-8293-5613e4faa920', 'a7a0aabe-51a1-528b-b453-883e1f199c2a', 100.0) ON CONFLICT DO NOTHING;
INSERT INTO scores (assignment_id, student_id, value) VALUES ('0fe3958f-5bb4-4602-8175-6d5f43fd2436', 'a7a0aabe-51a1-528b-b453-883e1f199c2a', 95.0) ON CONFLICT DO NOTHING;
INSERT INTO scores (assignment_id, student_id, value) VALUES ('e62c74a1-d600-438d-ab74-8be6ee961756', 'a7a0aabe-51a1-528b-b453-883e1f199c2a', 0) ON CONFLICT DO NOTHING;
INSERT INTO students (id, student_no, full_name, email) VALUES ('f7304766-e64c-55e9-9419-2f8bf7a90cdf', '244401006', 'GÜLAY YILDIRIM', 'gulayyildirim@etu.edu.tr') ON CONFLICT (student_no) DO NOTHING;
INSERT INTO enrollments (course_id, student_id) VALUES ('4680ae8f-9bc5-40ae-8295-4381ac09d9fb', 'f7304766-e64c-55e9-9419-2f8bf7a90cdf') ON CONFLICT DO NOTHING;
INSERT INTO scores (assignment_id, student_id, value) VALUES ('3a27e24a-bf03-41fb-b3ce-1e9dc71801ff', 'f7304766-e64c-55e9-9419-2f8bf7a90cdf', 100.0) ON CONFLICT DO NOTHING;
INSERT INTO scores (assignment_id, student_id, value) VALUES ('bf8186c5-0778-4e6b-b909-d7f7beeb536f', 'f7304766-e64c-55e9-9419-2f8bf7a90cdf', 100.0) ON CONFLICT DO NOTHING;
INSERT INTO scores (assignment_id, student_id, value) VALUES ('f5bba09f-0856-4d65-ba49-8d05f8c1b0e0', 'f7304766-e64c-55e9-9419-2f8bf7a90cdf', 100.0) ON CONFLICT DO NOTHING;
INSERT INTO scores (assignment_id, student_id, value) VALUES ('d878f274-11b6-4212-856d-8f3cff41ee10', 'f7304766-e64c-55e9-9419-2f8bf7a90cdf', 100.0) ON CONFLICT DO NOTHING;
INSERT INTO scores (assignment_id, student_id, value) VALUES ('51a653c0-ff1d-449d-b1b2-306daefc51d3', 'f7304766-e64c-55e9-9419-2f8bf7a90cdf', 100.0) ON CONFLICT DO NOTHING;
INSERT INTO scores (assignment_id, student_id, value) VALUES ('63cef0f5-e0c7-4272-9b64-b9f84fe6863f', 'f7304766-e64c-55e9-9419-2f8bf7a90cdf', 100.0) ON CONFLICT DO NOTHING;
INSERT INTO scores (assignment_id, student_id, value) VALUES ('ae4955ba-1ce9-476f-8293-5613e4faa920', 'f7304766-e64c-55e9-9419-2f8bf7a90cdf', 100.0) ON CONFLICT DO NOTHING;
INSERT INTO scores (assignment_id, student_id, value) VALUES ('0fe3958f-5bb4-4602-8175-6d5f43fd2436', 'f7304766-e64c-55e9-9419-2f8bf7a90cdf', 100.0) ON CONFLICT DO NOTHING;
INSERT INTO scores (assignment_id, student_id, value) VALUES ('e62c74a1-d600-438d-ab74-8be6ee961756', 'f7304766-e64c-55e9-9419-2f8bf7a90cdf', 0) ON CONFLICT DO NOTHING;
INSERT INTO students (id, student_no, full_name, email) VALUES ('74d73c44-9197-5ccf-b4b9-b7dbab97dc10', '244401005', 'BAYRAMALİ YILDIZ', 'bayramaliyildiz@etu.edu.tr') ON CONFLICT (student_no) DO NOTHING;
INSERT INTO enrollments (course_id, student_id) VALUES ('4680ae8f-9bc5-40ae-8295-4381ac09d9fb', '74d73c44-9197-5ccf-b4b9-b7dbab97dc10') ON CONFLICT DO NOTHING;
INSERT INTO scores (assignment_id, student_id, value) VALUES ('3a27e24a-bf03-41fb-b3ce-1e9dc71801ff', '74d73c44-9197-5ccf-b4b9-b7dbab97dc10', 95.0) ON CONFLICT DO NOTHING;
INSERT INTO scores (assignment_id, student_id, value) VALUES ('bf8186c5-0778-4e6b-b909-d7f7beeb536f', '74d73c44-9197-5ccf-b4b9-b7dbab97dc10', 100.0) ON CONFLICT DO NOTHING;
INSERT INTO scores (assignment_id, student_id, value) VALUES ('f5bba09f-0856-4d65-ba49-8d05f8c1b0e0', '74d73c44-9197-5ccf-b4b9-b7dbab97dc10', 100.0) ON CONFLICT DO NOTHING;
INSERT INTO scores (assignment_id, student_id, value) VALUES ('d878f274-11b6-4212-856d-8f3cff41ee10', '74d73c44-9197-5ccf-b4b9-b7dbab97dc10', 95.0) ON CONFLICT DO NOTHING;
INSERT INTO scores (assignment_id, student_id, value) VALUES ('51a653c0-ff1d-449d-b1b2-306daefc51d3', '74d73c44-9197-5ccf-b4b9-b7dbab97dc10', 85.0) ON CONFLICT DO NOTHING;
INSERT INTO scores (assignment_id, student_id, value) VALUES ('63cef0f5-e0c7-4272-9b64-b9f84fe6863f', '74d73c44-9197-5ccf-b4b9-b7dbab97dc10', 80.0) ON CONFLICT DO NOTHING;
INSERT INTO scores (assignment_id, student_id, value) VALUES ('ae4955ba-1ce9-476f-8293-5613e4faa920', '74d73c44-9197-5ccf-b4b9-b7dbab97dc10', 100.0) ON CONFLICT DO NOTHING;
INSERT INTO scores (assignment_id, student_id, value) VALUES ('0fe3958f-5bb4-4602-8175-6d5f43fd2436', '74d73c44-9197-5ccf-b4b9-b7dbab97dc10', 90.0) ON CONFLICT DO NOTHING;
INSERT INTO scores (assignment_id, student_id, value) VALUES ('e62c74a1-d600-438d-ab74-8be6ee961756', '74d73c44-9197-5ccf-b4b9-b7dbab97dc10', 0) ON CONFLICT DO NOTHING;
INSERT INTO students (id, student_no, full_name, email) VALUES ('a116eac9-ad92-50bf-832e-b48e6e7f0608', '244401001', 'ENES EMRE YILDIZ', 'enesemreyildiz@etu.edu.tr') ON CONFLICT (student_no) DO NOTHING;
INSERT INTO enrollments (course_id, student_id) VALUES ('4680ae8f-9bc5-40ae-8295-4381ac09d9fb', 'a116eac9-ad92-50bf-832e-b48e6e7f0608') ON CONFLICT DO NOTHING;
INSERT INTO scores (assignment_id, student_id, value) VALUES ('3a27e24a-bf03-41fb-b3ce-1e9dc71801ff', 'a116eac9-ad92-50bf-832e-b48e6e7f0608', 100.0) ON CONFLICT DO NOTHING;
INSERT INTO scores (assignment_id, student_id, value) VALUES ('bf8186c5-0778-4e6b-b909-d7f7beeb536f', 'a116eac9-ad92-50bf-832e-b48e6e7f0608', 100.0) ON CONFLICT DO NOTHING;
INSERT INTO scores (assignment_id, student_id, value) VALUES ('f5bba09f-0856-4d65-ba49-8d05f8c1b0e0', 'a116eac9-ad92-50bf-832e-b48e6e7f0608', 100.0) ON CONFLICT DO NOTHING;
INSERT INTO scores (assignment_id, student_id, value) VALUES ('d878f274-11b6-4212-856d-8f3cff41ee10', 'a116eac9-ad92-50bf-832e-b48e6e7f0608', 100.0) ON CONFLICT DO NOTHING;
INSERT INTO scores (assignment_id, student_id, value) VALUES ('51a653c0-ff1d-449d-b1b2-306daefc51d3', 'a116eac9-ad92-50bf-832e-b48e6e7f0608', 100.0) ON CONFLICT DO NOTHING;
INSERT INTO scores (assignment_id, student_id, value) VALUES ('63cef0f5-e0c7-4272-9b64-b9f84fe6863f', 'a116eac9-ad92-50bf-832e-b48e6e7f0608', 94.0) ON CONFLICT DO NOTHING;
INSERT INTO scores (assignment_id, student_id, value) VALUES ('ae4955ba-1ce9-476f-8293-5613e4faa920', 'a116eac9-ad92-50bf-832e-b48e6e7f0608', 100.0) ON CONFLICT DO NOTHING;
INSERT INTO scores (assignment_id, student_id, value) VALUES ('0fe3958f-5bb4-4602-8175-6d5f43fd2436', 'a116eac9-ad92-50bf-832e-b48e6e7f0608', 90.0) ON CONFLICT DO NOTHING;
INSERT INTO scores (assignment_id, student_id, value) VALUES ('e62c74a1-d600-438d-ab74-8be6ee961756', 'a116eac9-ad92-50bf-832e-b48e6e7f0608', 0) ON CONFLICT DO NOTHING;
INSERT INTO students (id, student_no, full_name, email) VALUES ('f8926230-a1dd-5084-8b28-31de8e4cbe8a', '254401034', 'YUSUF YILDIZ', 'yusufyildiz@etu.edu.tr') ON CONFLICT (student_no) DO NOTHING;
INSERT INTO enrollments (course_id, student_id) VALUES ('4680ae8f-9bc5-40ae-8295-4381ac09d9fb', 'f8926230-a1dd-5084-8b28-31de8e4cbe8a') ON CONFLICT DO NOTHING;
INSERT INTO scores (assignment_id, student_id, value) VALUES ('3a27e24a-bf03-41fb-b3ce-1e9dc71801ff', 'f8926230-a1dd-5084-8b28-31de8e4cbe8a', 75.0) ON CONFLICT DO NOTHING;
INSERT INTO scores (assignment_id, student_id, value) VALUES ('bf8186c5-0778-4e6b-b909-d7f7beeb536f', 'f8926230-a1dd-5084-8b28-31de8e4cbe8a', 75.0) ON CONFLICT DO NOTHING;
INSERT INTO scores (assignment_id, student_id, value) VALUES ('f5bba09f-0856-4d65-ba49-8d05f8c1b0e0', 'f8926230-a1dd-5084-8b28-31de8e4cbe8a', 75.0) ON CONFLICT DO NOTHING;
INSERT INTO scores (assignment_id, student_id, value) VALUES ('d878f274-11b6-4212-856d-8f3cff41ee10', 'f8926230-a1dd-5084-8b28-31de8e4cbe8a', 80.0) ON CONFLICT DO NOTHING;
INSERT INTO scores (assignment_id, student_id, value) VALUES ('51a653c0-ff1d-449d-b1b2-306daefc51d3', 'f8926230-a1dd-5084-8b28-31de8e4cbe8a', 100.0) ON CONFLICT DO NOTHING;
INSERT INTO scores (assignment_id, student_id, value) VALUES ('63cef0f5-e0c7-4272-9b64-b9f84fe6863f', 'f8926230-a1dd-5084-8b28-31de8e4cbe8a', 75.0) ON CONFLICT DO NOTHING;
INSERT INTO scores (assignment_id, student_id, value) VALUES ('ae4955ba-1ce9-476f-8293-5613e4faa920', 'f8926230-a1dd-5084-8b28-31de8e4cbe8a', 75.0) ON CONFLICT DO NOTHING;
INSERT INTO scores (assignment_id, student_id, value) VALUES ('0fe3958f-5bb4-4602-8175-6d5f43fd2436', 'f8926230-a1dd-5084-8b28-31de8e4cbe8a', 75.0) ON CONFLICT DO NOTHING;
INSERT INTO scores (assignment_id, student_id, value) VALUES ('e62c74a1-d600-438d-ab74-8be6ee961756', 'f8926230-a1dd-5084-8b28-31de8e4cbe8a', 0) ON CONFLICT DO NOTHING;